{
  "catch.stormbreaker": {
    "sounds": [
      "suit/thor/stormbreaker/catch/catch_stormbreaker_1",
      "suit/thor/stormbreaker/catch/catch_stormbreaker_2"
    ],
    "category": "player"
  },
  "hit.stormbreaker": {
    "sounds": [
      "suit/thor/stormbreaker/hit/hit_stormbreaker_1",
      "suit/thor/stormbreaker/hit/hit_stormbreaker_2",
      "suit/thor/stormbreaker/hit/hit_stormbreaker_3",
      "suit/thor/stormbreaker/hit/hit_stormbreaker_4",
      "suit/thor/stormbreaker/hit/hit_stormbreaker_5",
      "suit/thor/stormbreaker/hit/hit_stormbreaker_6"
    ],
    "category": "player"
  },
  "return.stormbreaker": {
    "sounds": [
      "suit/thor/stormbreaker/return/return_stormbreaker_1",
      "suit/thor/stormbreaker/return/return_stormbreaker_2"
    ],
    "category": "player"
  },
  "throw.stormbreaker": {
    "sounds": [
      "suit/thor/stormbreaker/throw/throw_stormbreaker_1",
      "suit/thor/stormbreaker/throw/throw_stormbreaker_2",
      "suit/thor/stormbreaker/throw/throw_stormbreaker_3"
    ],
    "category": "player"
  },
  "throw.stormbreaker.loop": {
    "sounds": [
      "suit/thor/stormbreaker/throw/throw_stormbreaker_loop"
    ],
    "category": "player"
  },
  "summon.bifrost": {
    "sounds": [
      "suit/thor/bifrost/bifrost_sound_effect_1",
      "suit/thor/bifrost/bifrost_sound_effect_2"
    ],
    "category": "player"
  },
  "omega.beam": {
    "sounds": [
      "suit/darkseid/omega_beam/omega_beam_1",
      "suit/darkseid/omega_beam/omega_beam_2"
    ],
    "category": "player"
  }
}