{
  "throwing.stormbreaker.loop": {
    "sounds": [
      "suit/thor/stormbreaker_throwing_loop"
    ],
    "category": "player"
  },
  "throwing.stormbreaker": {
    "sounds": [
      "suit/thor/stormbreaker_throwing_1",
      "suit/thor/stormbreaker_throwing_2",
      "suit/thor/stormbreaker_throwing_3"
    ],
    "category": "player"
  },
  "summon.bifrost": {
    "sounds": [
      "suit/thor/bifrost_sound_effect_1",
      "suit/thor/bifrost_sound_effect_2"
    ],
    "category": "player"
  },
  "omega.beam": {
    "sounds": [
      "suit/darkseid/omega_beam_1",
      "suit/darkseid/omega_beam_2"
    ],
    "category": "player"
  }
}